<?xml version="1.0" encoding="UTF-8"?>
<project-private xmlns="http://www.netbeans.org/ns/project-private/1">
    <editor-bookmarks xmlns="http://www.netbeans.org/ns/editor-bookmarks/2" lastBookmarkId="0"/>
    <open-files xmlns="http://www.netbeans.org/ns/projectui-open-files/2">
        <group>
            <file>file:/C:/Users/HP/Documents/NetBeansProjects/JspAssignmentWeb/src/java/services/AdmissionInterfaceImp.java</file>
            <file>file:/C:/Users/HP/Documents/NetBeansProjects/JspAssignmentWeb/web/css/signup.css</file>
            <file>file:/C:/Users/HP/Documents/NetBeansProjects/JspAssignmentWeb/src/java/services/SignupInterface.java</file>
            <file>file:/C:/Users/HP/Documents/NetBeansProjects/JspAssignmentWeb/web/registerAccount.jsp</file>
            <file>file:/C:/Users/HP/Documents/NetBeansProjects/JspAssignmentWeb/src/java/dao/SignupDao.java</file>
            <file>file:/C:/Users/HP/Documents/NetBeansProjects/JspAssignmentWeb/src/java/services/AdmissionInterface.java</file>
            <file>file:/C:/Users/HP/Documents/NetBeansProjects/JspAssignmentWeb/src/java/services/SignupInterfaceImp.java</file>
            <file>file:/C:/Users/HP/Documents/NetBeansProjects/JspAssignmentWeb/web/WEB-INF/web.xml</file>
            <file>file:/C:/Users/HP/Documents/NetBeansProjects/JspAssignmentWeb/web/Signup.jsp</file>
            <file>file:/C:/Users/HP/Documents/NetBeansProjects/JspAssignmentWeb/src/java/dao/AdmissionDao.java</file>
            <file>file:/C:/Users/HP/Documents/NetBeansProjects/JspAssignmentWeb/src/java/model/Admission.java</file>
            <file>file:/C:/Users/HP/Documents/NetBeansProjects/JspAssignmentWeb/web/index.jsp</file>
            <file>file:/C:/Users/HP/Documents/NetBeansProjects/JspAssignmentWeb/src/java/model/Signup.java</file>
        </group>
    </open-files>
</project-private>
